{"title":"关于","type":"page","uid":"c9ddeb21552a525d6bf0f95169df72f6","text":"关于本站欢迎来到我的博客！在这里，你将了解到关于我以及这个博客的一些信息。 关于博客这个博客是一个我分享思考、经验和见解的平台，涵盖技术、旅行、生活方式等各种主题。无论你是经验丰富的专业人士还是刚刚起步，我希望你能在这里找到有价值的内容。 关于我我是[绫酱]，来自[广东韶关]，是...","date":"2024-03-31T07:10:41.000Z","updated":"2024-04-03T11:03:09.192Z","comments":true,"path":"api/pages/about/index.json","covers":null,"excerpt":"","content":"<h1 id=\"关于本站\"><a href=\"#关于本站\" class=\"headerlink\" title=\"关于本站\"></a>关于本站</h1><p>欢迎来到我的博客！在这里，你将了解到关于我以及这个博客的一些信息。</p>\n<h2 id=\"关于博客\"><a href=\"#关于博客\" class=\"headerlink\" title=\"关于博客\"></a>关于博客</h2><p>这个博客是一个我分享思考、经验和见解的平台，涵盖技术、旅行、生活方式等各种主题。无论你是经验丰富的专业人士还是刚刚起步，我希望你能在这里找到有价值的内容。</p>\n<h2 id=\"关于我\"><a href=\"#关于我\" class=\"headerlink\" title=\"关于我\"></a>关于我</h2><p>我是[绫酱]，来自[广东韶关]，是一名[学生]。我热爱[编程，音乐]，喜欢探索新的想法，学习新的知识。通过这个博客，我希望能够与志同道合的人联系，分享知识，并进行有意义的交流。</p>\n<h2 id=\"联系我\"><a href=\"#联系我\" class=\"headerlink\" title=\"联系我\"></a>联系我</h2><p>如果你有任何问题、建议或只是想打个招呼，欢迎<a href=\"https://qm.qq.com/q/Qya0zBxS02\">联系我</a>。我会很乐意听取你的意见！</p>\n<p>感谢你的访问，希望你在这里度过愉快的时光！</p>\n","count_time":{"symbolsCount":276,"symbolsTime":"1 mins."},"toc":"<ol class=\"toc\"><li class=\"toc-item toc-level-1\"><a class=\"toc-link\" href=\"#%E5%85%B3%E4%BA%8E%E6%9C%AC%E7%AB%99\"><span class=\"toc-text\">关于本站</span></a><ol class=\"toc-child\"><li class=\"toc-item toc-level-2\"><a class=\"toc-link\" href=\"#%E5%85%B3%E4%BA%8E%E5%8D%9A%E5%AE%A2\"><span class=\"toc-text\">关于博客</span></a></li><li class=\"toc-item toc-level-2\"><a class=\"toc-link\" href=\"#%E5%85%B3%E4%BA%8E%E6%88%91\"><span class=\"toc-text\">关于我</span></a></li><li class=\"toc-item toc-level-2\"><a class=\"toc-link\" href=\"#%E8%81%94%E7%B3%BB%E6%88%91\"><span class=\"toc-text\">联系我</span></a></li></ol></li></ol>","data":[]}