{"title":"Hexo","subtitle":"","description":"","author":"John Doe","language":"en","timezone":"","url":"https://zzd1314.githun.io","root":"/","permalink":"/post/:title.html","permalink_defaults":null,"pretty_urls":{"trailing_index":true,"trailing_html":true},"source_dir":"source","public_dir":"public","tag_dir":"tags","archive_dir":"archives","category_dir":"categories","code_dir":"downloads/code","i18n_dir":":lang","skip_render":null,"new_post_name":":title.md","default_layout":"post","titlecase":false,"external_link":{"enable":true,"field":"site","exclude":""},"filename_case":0,"render_drafts":false,"post_asset_folder":false,"relative_link":false,"future":true,"syntax_highlighter":"highlight.js","highlight":{"auto_detect":false,"line_number":true,"tab_replace":"","wrap":true,"exclude_languages":[],"language_attr":false,"hljs":false,"line_threshold":0,"first_line_number":"always1","enable":false},"prismjs":{"preprocess":true,"line_number":true,"tab_replace":"","exclude_languages":[],"enable":false},"default_category":"uncategorized","category_map":null,"tag_map":null,"date_format":"YYYY-MM-DD","time_format":"HH:mm:ss","updated_option":"mtime","per_page":10,"pagination_dir":"page","theme":"aurora","ignore":null,"meta_generator":true,"keywords":null,"index_generator":{"per_page":10,"order_by":"-date","path":""},"include":null,"exclude":null,"theme_config":{"site":{"subtitle":"绫酱I's Blog","author":"绫酱","nick":"绫酱的博客","description":"一位正在重塑知识的技术人 <br /><b>QQ号：2062271425</b>","link":"/","language":"en","multi_language":true,"logo":"https://q2.qlogo.cn/headimg_dl?dst_uin=2062271425&spec=100","avatar":"https://q2.qlogo.cn/headimg_dl?dst_uin=2062271425&spec=0","beian":{"number":"","link":""},"police_beian":{"number":"","link":""},"started_date":"2024-03-31T00:00:00.000Z","pathSlug":"slug"},"authors":null,"menu":{"About":true,"Tags":true,"Archives":true,"Links":true,"Friends":false},"theme":{"dark_mode":true,"profile_shape":"diamond","feature":true,"gradient":{"color_1":"#24c6dc","color_2":"#5433ff","color_3":"#ff0099"}},"socials":{"github":"https://github.com/zzd1314","customs":{"bilibili":{"icon":"/svg/bilibili.svg","link":"https://space.bilibili.com/1493080686"},"网易云音乐":{"icon":"/svg/wyy.svg","link":"https://music.163.com/#/user/home?id=3364995578"},"QQ":{"icon":"/svg/qq.svg","link":"https://qm.qq.com/q/Qya0zBxS02"}}},"site_meta":{"cdn":"cn","favicon":null,"description":"","keywords":"","author":""},"gitalk":{"enable":true,"autoExpand":true,"clientID":"c50ace8e7aa53bf217a7","clientSecret":"e5c5644cc767967c37433e25117083b50fb21ea7","repo":"zzd1314","owner":"zzd1314","admin":["zzd1314"],"id":"uid","language":"cn","distractionFreeMode":true,"recentComment":true,"proxy":""},"valine":{"enable":false,"app_id":null,"app_key":null,"avatar":"","placeholder":"Leave your thoughts behind~","visitor":true,"lang":"en","avatarForce":false,"meta":["nick","mail"],"requiredFields":["nick","mail"],"admin":"","recentComment":true},"twikoo":{"enable":false,"recentComment":true,"envId":"xxxxxxxxxxxxxxx","lang":"en"},"waline":{"enable":false,"recentComment":true,"reaction":false,"login":"disable","meta":["nick","mail"],"requiredMeta":["nick","mail"],"commentSorting":"latest","wordLimit":0,"imageUploader":false,"pageSize":10,"serverURL":""},"busuanzi":{"enable":false},"copy_protection":{"enable":true,"author":{"cn":"作者","en":"Author"},"link":{"cn":"本文来自于","en":"Article is from"},"license":{"cn":"博客内容遵循 署名-非商业性使用-相同方式共享 4.0 国际 (CC BY-NC-SA 4.0) 协议","en":"This content is shared under the CC BY-NC-SA 4.0 protocol (Non-Commercial)"}},"aurora_bot":{"enable":false,"locale":"cn","bot_type":"dia","tips":null},"injects":{"scripts":null,"css":null},"footer_links":[{"title":null,"links":[{"title":null,"url":null},{"title":null,"url":null},{"title":"Friends","mode":"links"}]}],"shiki":{"enable":true,"backgroundColor":"#1a1a1a"},"version":"2.5.3","algolia":{"enable":false}},"archive_generator":{"per_page":10,"yearly":true,"monthly":true,"daily":false},"category_generator":{"per_page":10},"tag_generator":{"per_page":10},"marked":{"gfm":true,"pedantic":false,"breaks":true,"smartLists":true,"smartypants":true,"modifyAnchors":0,"autolink":true,"mangle":true,"sanitizeUrl":false,"dompurify":false,"headerIds":true,"anchorAlias":false,"lazyload":false,"prependRoot":true,"postAsset":false,"external_link":{"enable":false,"exclude":[],"nofollow":false},"descriptionLists":true}}