{"title":"hello-word","uid":"0b5e4b4f27cefe01bcd3c7a3d1f06afe","slug":"hello-word","date":"2024-04-03T15:30:27.000Z","updated":"2024-04-03T15:32:02.953Z","comments":true,"path":"api/articles/hello-word.json","keywords":null,"cover":null,"content":"<h2 id=\"你好世界\"><a href=\"#你好世界\" class=\"headerlink\" title=\"你好世界\"></a>你好世界</h2>","feature":true,"text":"你好世界","permalink":"/post/hello-word","photos":[],"count_time":{"symbolsCount":4,"symbolsTime":"1 mins."},"categories":[],"tags":[{"name":"日常","slug":"日常","count":2,"path":"api/tags/日常.json"}],"toc":"<ol class=\"toc\"><li class=\"toc-item toc-level-2\"><a class=\"toc-link\" href=\"#%E4%BD%A0%E5%A5%BD%E4%B8%96%E7%95%8C\"><span class=\"toc-text\">你好世界</span></a></li></ol>","author":{"name":"绫酱","slug":"blog-author","avatar":"https://q2.qlogo.cn/headimg_dl?dst_uin=2062271425&spec=0","link":"/","description":"一位正在重塑知识的技术人 <br /><b>QQ号：2062271425</b>","socials":{"github":"https://github.com/zzd1314","twitter":"","stackoverflow":"","wechat":"","qq":"","weibo":"","zhihu":"","csdn":"","juejin":"","customs":{"bilibili":{"icon":"/svg/bilibili.svg","link":"https://space.bilibili.com/1493080686"},"网易云音乐":{"icon":"/svg/wyy.svg","link":"https://music.163.com/#/user/home?id=3364995578"},"QQ":{"icon":"/svg/qq.svg","link":"https://qm.qq.com/q/Qya0zBxS02"}}}},"mapped":true,"hidden":false,"prev_post":{},"next_post":{"title":"云崽搭建教程-Win","uid":"f2aceb66b4916d6887d09e9a41f62811","slug":"yunzai","date":"2024-04-03T09:55:33.000Z","updated":"2024-04-03T15:38:01.366Z","comments":true,"path":"api/articles/yunzai.json","keywords":null,"cover":"/img/yz.png","text":"这里是一个Windows搭建云崽v3Bot的教程 首先需要准备以下三个软件第一个：Yz启动器第二个：Git第三个：Nodejs WARNING 请全部下载安装一...","permalink":"/post/yunzai","photos":[],"count_time":{"symbolsCount":"1.5k","symbolsTime":"1 mins."},"categories":[{"name":"教程","slug":"教程","count":1,"path":"api/categories/教程.json"}],"tags":[{"name":"QQ机器人","slug":"QQ机器人","count":1,"path":"api/tags/QQ机器人.json"},{"name":"云崽","slug":"云崽","count":1,"path":"api/tags/云崽.json"}],"author":{"name":"绫酱","slug":"blog-author","avatar":"https://q2.qlogo.cn/headimg_dl?dst_uin=2062271425&spec=0","link":"/","description":"一位正在重塑知识的技术人 <br /><b>QQ号：2062271425</b>","socials":{"github":"https://github.com/zzd1314","twitter":"","stackoverflow":"","wechat":"","qq":"","weibo":"","zhihu":"","csdn":"","juejin":"","customs":{"bilibili":{"icon":"/svg/bilibili.svg","link":"https://space.bilibili.com/1493080686"},"网易云音乐":{"icon":"/svg/wyy.svg","link":"https://music.163.com/#/user/home?id=3364995578"},"QQ":{"icon":"/svg/qq.svg","link":"https://qm.qq.com/q/Qya0zBxS02"}}}},"feature":true}}