{"title":"欢迎来到我的博客","uid":"62d0e8dae3189e9ac5c8ae12bb45e8b3","slug":"jies","date":"2024-03-31T06:52:45.000Z","updated":"2024-04-03T15:01:14.021Z","comments":true,"path":"api/articles/jies.json","keywords":null,"cover":"/img/bk.jpg","content":"<h2 id=\"个人介绍\"><a href=\"#个人介绍\" class=\"headerlink\" title=\"个人介绍\"></a>个人介绍</h2><p>欢迎来到我的个人博客！我是 [绫酱]，一个对技术、文学和生活充满热情的人。在这个小小的网络空间里，我分享着自己对于科技、创意和人生的思考和体验。</p>\n<p>这个博客是我记录生活点滴、技术探索以及创意分享的地方。我会分享我在学习和工作中的见解和心得，也会分享一些有趣的技术教程、书评和生活感悟。无论是对于编程技巧的探索，还是对于文学作品的解读，我都希望能够和你们一起交流，共同成长。</p>\n<p>通过这个博客，我希望能够与大家建立起联系，分享彼此的经验和知识，共同探索科技和文学的奥妙，让我们在这个数字时代更加丰富、有意义。</p>\n<p>感谢你的光临，希望你能在这里找到一些启发和乐趣！</p>\n","feature":true,"text":"个人介绍欢迎来到我的个人博客！我是 [绫酱]，一个对技术、文学和生活充满热情的人。在这个小小的网络空间里，我分享着自己对于科技、创意和人生的思考和体验。 这个博...","permalink":"/post/jies","photos":[],"count_time":{"symbolsCount":280,"symbolsTime":"1 mins."},"categories":[{"name":"日常","slug":"日常","count":1,"path":"api/categories/日常.json"}],"tags":[{"name":"日常","slug":"日常","count":2,"path":"api/tags/日常.json"}],"toc":"<ol class=\"toc\"><li class=\"toc-item toc-level-2\"><a class=\"toc-link\" href=\"#%E4%B8%AA%E4%BA%BA%E4%BB%8B%E7%BB%8D\"><span class=\"toc-text\">个人介绍</span></a></li></ol>","author":{"name":"绫酱","slug":"blog-author","avatar":"https://q2.qlogo.cn/headimg_dl?dst_uin=2062271425&spec=0","link":"/","description":"一位正在重塑知识的技术人 <br /><b>QQ号：2062271425</b>","socials":{"github":"https://github.com/zzd1314","twitter":"","stackoverflow":"","wechat":"","qq":"","weibo":"","zhihu":"","csdn":"","juejin":"","customs":{"bilibili":{"icon":"/svg/bilibili.svg","link":"https://space.bilibili.com/1493080686"},"网易云音乐":{"icon":"/svg/wyy.svg","link":"https://music.163.com/#/user/home?id=3364995578"},"QQ":{"icon":"/svg/qq.svg","link":"https://qm.qq.com/q/Qya0zBxS02"}}}},"mapped":true,"hidden":false,"prev_post":{"title":"云崽搭建教程-Win","uid":"f2aceb66b4916d6887d09e9a41f62811","slug":"yunzai","date":"2024-04-03T09:55:33.000Z","updated":"2024-04-03T15:38:01.366Z","comments":true,"path":"api/articles/yunzai.json","keywords":null,"cover":"/img/yz.png","text":"这里是一个Windows搭建云崽v3Bot的教程 首先需要准备以下三个软件第一个：Yz启动器第二个：Git第三个：Nodejs WARNING 请全部下载安装一...","permalink":"/post/yunzai","photos":[],"count_time":{"symbolsCount":"1.5k","symbolsTime":"1 mins."},"categories":[{"name":"教程","slug":"教程","count":1,"path":"api/categories/教程.json"}],"tags":[{"name":"QQ机器人","slug":"QQ机器人","count":1,"path":"api/tags/QQ机器人.json"},{"name":"云崽","slug":"云崽","count":1,"path":"api/tags/云崽.json"}],"author":{"name":"绫酱","slug":"blog-author","avatar":"https://q2.qlogo.cn/headimg_dl?dst_uin=2062271425&spec=0","link":"/","description":"一位正在重塑知识的技术人 <br /><b>QQ号：2062271425</b>","socials":{"github":"https://github.com/zzd1314","twitter":"","stackoverflow":"","wechat":"","qq":"","weibo":"","zhihu":"","csdn":"","juejin":"","customs":{"bilibili":{"icon":"/svg/bilibili.svg","link":"https://space.bilibili.com/1493080686"},"网易云音乐":{"icon":"/svg/wyy.svg","link":"https://music.163.com/#/user/home?id=3364995578"},"QQ":{"icon":"/svg/qq.svg","link":"https://qm.qq.com/q/Qya0zBxS02"}}}},"feature":true},"next_post":{}}