{"title":"云崽搭建教程-Win","uid":"f2aceb66b4916d6887d09e9a41f62811","slug":"yunzai","date":"2024-04-03T09:55:33.000Z","updated":"2024-04-03T15:38:01.366Z","comments":true,"path":"api/articles/yunzai.json","keywords":null,"cover":"/img/yz.png","content":"<p>这里是一个Windows搭建云崽v3Bot的教程</p>\n<h2 id=\"首先需要准备以下三个软件\"><a href=\"#首先需要准备以下三个软件\" class=\"headerlink\" title=\"首先需要准备以下三个软件\"></a>首先需要准备以下三个软件</h2><p>第一个：<a href=\"https://www.123pan.com/s/HJoKVv-LZ5wv.html\">Yz启动器</a><br>第二个：<a href=\"https://www.123pan.com/s/HJoKVv-VdVwv.html\">Git</a><br>第三个：<a href=\"https://www.123pan.com/s/HJoKVv-jdVwv.html\">Nodejs</a></p>\n<div class=\"custom-quote danger\">\n<span class=\"custom-quote-svg\"><svg width=\"24\" height=\"24\" viewBox=\"0 0 24 24\" fill=\"\" xmlns=\"http://www.w3.org/2000/svg\" data-reactroot=\"\">\n<path fill=\"\" d=\"M19.76 5.23C15.84 5.23 12 2 12 2C12 2 8.15996 5.23 4.23996 5.23C4.23996 5.23 1.86996 16.99 12 22C22.13 16.99 19.76 5.23 19.76 5.23Z\" undefined=\"1\"></path>\n<path stroke-linejoin=\"round\" stroke-linecap=\"round\" stroke-miterlimit=\"10\" stroke-width=\"2\" stroke=\"\" d=\"M12 8V13\"></path>\n<path stroke-linejoin=\"round\" stroke-linecap=\"round\" stroke-miterlimit=\"10\" stroke-width=\"2\" stroke=\"\" d=\"M11.99 16H12\"></path>\n</svg>\n</span>\n<p class=\"custom-quote-title\">WARNING</p>\n<p>请全部下载安装一个都不能少</p>\n</div>\n<h2 id=\"运行YzLauncher-windows-exe\"><a href=\"#运行YzLauncher-windows-exe\" class=\"headerlink\" title=\"运行YzLauncher-windows.exe\"></a>运行YzLauncher-windows.exe</h2><p>会出现以下界面</p>\n<figure class=\"highlight bash\"><table><tr><td class=\"gutter\"><pre><span class=\"line\">1</span><br><span class=\"line\">2</span><br><span class=\"line\">3</span><br><span class=\"line\">4</span><br></pre></td><td class=\"code\"><pre><span class=\"line\">检测到当前目录下不存在 redis-windows-7.0.4 ，请问是否需要自动下载 Redis ？(是:y</span><br><span class=\"line\">退出程序:n)</span><br><span class=\"line\"></span><br><span class=\"line\">请输入你的选择:</span><br></pre></td></tr></table></figure>\n\n<p>输入y回车后等待下载</p>\n<p>然后会出现以下界面</p>\n<figure class=\"highlight bash\"><table><tr><td class=\"gutter\"><pre><span class=\"line\">1</span><br><span class=\"line\">2</span><br><span class=\"line\">3</span><br><span class=\"line\">4</span><br><span class=\"line\">5</span><br><span class=\"line\">6</span><br><span class=\"line\">7</span><br><span class=\"line\">8</span><br><span class=\"line\">9</span><br></pre></td><td class=\"code\"><pre><span class=\"line\">===主菜单===</span><br><span class=\"line\">1. 安装云崽</span><br><span class=\"line\">2. 云崽管理</span><br><span class=\"line\">3. BUG修复</span><br><span class=\"line\">4. 立即更新启动器</span><br><span class=\"line\">5. 获取云崽连接QQNT进行登录的教程(100%不冻结，100%登陆成功)</span><br><span class=\"line\">0. 退出程序</span><br><span class=\"line\"></span><br><span class=\"line\">请选择操作：</span><br></pre></td></tr></table></figure>\n\n<p>输入1回车进行安装，安装时长比较久</p>\n<div class=\"custom-quote warning\">\n<span class=\"custom-quote-svg\"><svg width=\"24\" height=\"24\" viewBox=\"0 0 24 24\" fill=\"\" xmlns=\"http://www.w3.org/2000/svg\" data-reactroot=\"\">\n<path fill=\"\" d=\"M20.86 14.13C20 14.7 19.56 15.74 19.77 16.76C20.13 18.55 18.55 20.13 16.76 19.77C15.74 19.57 14.7 20 14.13 20.86C13.12 22.38 10.89 22.38 9.88 20.86C9.3 20 8.26 19.56 7.24 19.77C5.45 20.13 3.87 18.55 4.23 16.76C4.43 15.74 4 14.7 3.14 14.13C1.62 13.12 1.62 10.89 3.14 9.88C4 9.3 4.44 8.26 4.23 7.24C3.87 5.45 5.45 3.87 7.24 4.23C8.26 4.44 9.3 4 9.87 3.14C10.88 1.62 13.11 1.62 14.12 3.14C14.7 4 15.74 4.44 16.76 4.23C18.55 3.87 20.13 5.45 19.77 7.24C19.56 8.26 20 9.3 20.86 9.87C22.38 10.88 22.38 13.12 20.86 14.13Z\" undefined=\"1\"></path>\n<path stroke-linejoin=\"round\" stroke-linecap=\"round\" stroke-miterlimit=\"10\" stroke-width=\"2\" stroke=\"\" d=\"M12 8V13\"></path>\n<path stroke-linejoin=\"round\" stroke-linecap=\"round\" stroke-miterlimit=\"10\" stroke-width=\"2\" stroke=\"\" d=\"M12 15.99V16.01\"></path>\n</svg>\n</span>\n<p class=\"custom-quote-title\">WARNING</p>\n<p>如果出错可能是网络问题，请重试</p>\n</div>\n<p>如果输出主菜单界面就是安装好了，然后输入2回车</p>\n<figure class=\"highlight bash\"><table><tr><td class=\"gutter\"><pre><span class=\"line\">1</span><br><span class=\"line\">2</span><br><span class=\"line\">3</span><br><span class=\"line\">4</span><br><span class=\"line\">5</span><br><span class=\"line\">6</span><br><span class=\"line\">7</span><br><span class=\"line\">8</span><br><span class=\"line\">9</span><br><span class=\"line\">10</span><br><span class=\"line\">11</span><br><span class=\"line\">12</span><br><span class=\"line\">13</span><br><span class=\"line\">14</span><br></pre></td><td class=\"code\"><pre><span class=\"line\">===云崽管理===</span><br><span class=\"line\">1. 启动签名API 并启动云崽</span><br><span class=\"line\">2. 强制关闭云崽(强制关闭node程序)</span><br><span class=\"line\">3. 自定义终端命令</span><br><span class=\"line\">4. 安装插件</span><br><span class=\"line\">5. 安装js插件</span><br><span class=\"line\">6. 修改云崽账号密码或者修改主人QQ</span><br><span class=\"line\">7. 强制更新云崽</span><br><span class=\"line\">8. 从官方云崽切换为喵喵云崽</span><br><span class=\"line\">9. 启动云崽</span><br><span class=\"line\">10. 以node apps方式启动</span><br><span class=\"line\">0. 返回上一级</span><br><span class=\"line\"></span><br><span class=\"line\">请选择操作：</span><br></pre></td></tr></table></figure>\n\n<p>然后输入1启动云崽并启动签名API</p>\n<p>首次启动会提示</p>\n<figure class=\"highlight bash\"><table><tr><td class=\"gutter\"><pre><span class=\"line\">1</span><br><span class=\"line\">2</span><br><span class=\"line\">3</span><br><span class=\"line\">4</span><br></pre></td><td class=\"code\"><pre><span class=\"line\">当前目录下不存在API文件夹，是否需要自动开始下载?(前提是你能正常下载 gitee 的文件</span><br><span class=\"line\">(是:y 返回:n)</span><br><span class=\"line\"></span><br><span class=\"line\">请输入你的选择:</span><br></pre></td></tr></table></figure>\n\n<p>输入y回车安装签名API</p>\n<p>这里会提示</p>\n<figure class=\"highlight bash\"><table><tr><td class=\"gutter\"><pre><span class=\"line\">1</span><br><span class=\"line\">2</span><br><span class=\"line\">3</span><br><span class=\"line\">4</span><br><span class=\"line\">5</span><br><span class=\"line\">6</span><br></pre></td><td class=\"code\"><pre><span class=\"line\">检测到 config/config/qq.yaml 文件不存在，所以您可能是初次使用云崽</span><br><span class=\"line\">后续初始化时请注意一定要选择登录方式为 Android(安卓手机)。</span><br><span class=\"line\">签名API地址请填入 http://127.0.0.1:1539/sign?key=191539</span><br><span class=\"line\">或者您重新登陆一次，启动器会自动帮您修改</span><br><span class=\"line\"></span><br><span class=\"line\">请输入签名API端口，直接回车则使用默认端口1539：</span><br></pre></td></tr></table></figure>\n\n<p>直接回车即可，然后就会启动签名API</p>\n<h2 id=\"配置机器人\"><a href=\"#配置机器人\" class=\"headerlink\" title=\"配置机器人\"></a>配置机器人</h2><p>启动后会叫你输入机器人QQ号&lt;这里建议用小号&gt;</p>\n<p>然后会叫你输入登录密码&lt;我这里是推荐密码登录的，扫码登录有问题&gt;</p>\n<figure class=\"highlight bash\"><table><tr><td class=\"gutter\"><pre><span class=\"line\">1</span><br><span class=\"line\">2</span><br><span class=\"line\">3</span><br><span class=\"line\">4</span><br><span class=\"line\">5</span><br><span class=\"line\">6</span><br><span class=\"line\">7</span><br></pre></td><td class=\"code\"><pre><span class=\"line\">? 请选择登录端口： (Use arrow keys)</span><br><span class=\"line\">&gt; Tim</span><br><span class=\"line\">  iPad</span><br><span class=\"line\">  安卓手机</span><br><span class=\"line\">  安卓手表</span><br><span class=\"line\">  MacOS</span><br><span class=\"line\">  aPad</span><br></pre></td></tr></table></figure>\n\n<p>登录端口我这里推荐&lt;安卓手机&gt;，用键盘↓键选择&lt;安卓手机&gt;回车</p>\n<p>最后输入主人QQ号</p>\n<p>签名API地址填写：</p>\n<figure class=\"highlight bash\"><table><tr><td class=\"gutter\"><pre><span class=\"line\">1</span><br></pre></td><td class=\"code\"><pre><span class=\"line\">http://127.0.0.1:1539/sign?key=191539</span><br></pre></td></tr></table></figure>\n\n<figure class=\"highlight bash\"><table><tr><td class=\"gutter\"><pre><span class=\"line\">1</span><br><span class=\"line\">2</span><br><span class=\"line\">3</span><br><span class=\"line\">4</span><br><span class=\"line\">5</span><br><span class=\"line\">6</span><br><span class=\"line\">7</span><br><span class=\"line\">8</span><br><span class=\"line\">9</span><br></pre></td><td class=\"code\"><pre><span class=\"line\">--------------------------------------------------------</span><br><span class=\"line\">提示：打开上面链接获取ticket，可使用【滑动验证app】获取</span><br><span class=\"line\">链接存在有效期，请尽快操作，多次操作失败可能会被冻结</span><br><span class=\"line\">滑动验证app下载地址：https://wwp.lanzouy.com/i6w3J08um92h 密码:3kuu</span><br><span class=\"line\"></span><br><span class=\"line\">? 触发滑动验证，需要获取ticket通过验证，请选择获取方式: (Use arrow keys)</span><br><span class=\"line\">&gt; 0.自动获取ticket</span><br><span class=\"line\">  1.手动获取ticket</span><br><span class=\"line\">  2.滑动验证app请求码获取</span><br></pre></td></tr></table></figure>\n\n<p>这里选择0回车即可，后面会有个两分钟的验证链接，复制到浏览器验证即可</p>\n<blockquote><span class=\"custom-blockquote-svg\"><svg width=\"24\" height=\"24\" viewBox=\"0 0 24 24\" fill=\"\" xmlns=\"http://www.w3.org/2000/svg\" data-reactroot=\"\">\n<path fill=\"\" d=\"M22 12C22 6.5 17.5 2 12 2C6.5 2 2 6.5 2 12C2 17.5 6.5 22 12 22C13.8 22 15.5 21.5 17 20.6L22 22L20.7 17C21.5 15.5 22 13.8 22 12Z\" undefined=\"1\"></path>\n<path fill=\"\" d=\"M15.97 11.5H16.04C17.12 11.5 18 12.38 18 13.47V13.53C18 14.62 17.12 15.5 16.03 15.5H15.96C14.88 15.5 14 14.62 14 13.53V13.46C14 12.38 14.88 11.5 15.97 11.5Z\" undefined=\"1\"></path>\n<path fill=\"\" d=\"M7.97 11.5H8.04C9.12 11.5 10 12.38 10 13.47V13.53C10 14.62 9.12 15.5 8.03 15.5H7.97C6.88 15.5 6 14.62 6 13.53V13.46C6 12.38 6.88 11.5 7.97 11.5Z\" undefined=\"1\"></path>\n<path stroke-linejoin=\"round\" stroke-linecap=\"round\" stroke-miterlimit=\"10\" stroke-width=\"2\" stroke=\"\" d=\"M17 8.5C15.23 8.97 14.07 10.84 14.01 13.27C14 13.33 14 13.4 14 13.47V13.5\"></path>\n<path stroke-linejoin=\"round\" stroke-linecap=\"round\" stroke-miterlimit=\"10\" stroke-width=\"2\" stroke=\"\" d=\"M9 8.5C7.23 8.97 6.07 10.84 6.01 13.27C6 13.33 6 13.4 6 13.47V13.5\"></path>\n<path stroke-linejoin=\"round\" stroke-linecap=\"round\" stroke-miterlimit=\"10\" stroke-width=\"2\" stroke=\"\" d=\"M15.97 11.5H16.04C17.12 11.5 18 12.38 18 13.47V13.53C18 14.62 17.12 15.5 16.03 15.5H15.96C14.88 15.5 14 14.62 14 13.53V13.46C14 12.38 14.88 11.5 15.97 11.5Z\"></path>\n<path stroke-linejoin=\"round\" stroke-linecap=\"round\" stroke-miterlimit=\"10\" stroke-width=\"2\" stroke=\"\" d=\"M7.97 11.5H8.04C9.12 11.5 10 12.38 10 13.47V13.53C10 14.62 9.12 15.5 8.03 15.5H7.97C6.88 15.5 6 14.62 6 13.53V13.46C6 12.38 6.88 11.5 7.97 11.5Z\"></path>\n</svg>\n</span><p>本次Windows搭建云崽v3Bot教程就到这里结束了，感谢大家阅读！！！</p></blockquote>\n","feature":true,"text":"这里是一个Windows搭建云崽v3Bot的教程 首先需要准备以下三个软件第一个：Yz启动器第二个：Git第三个：Nodejs WARNING 请全部下载安装一...","permalink":"/post/yunzai","photos":[],"count_time":{"symbolsCount":"1.5k","symbolsTime":"1 mins."},"categories":[{"name":"教程","slug":"教程","count":1,"path":"api/categories/教程.json"}],"tags":[{"name":"QQ机器人","slug":"QQ机器人","count":1,"path":"api/tags/QQ机器人.json"},{"name":"云崽","slug":"云崽","count":1,"path":"api/tags/云崽.json"}],"toc":"<ol class=\"toc\"><li class=\"toc-item toc-level-2\"><a class=\"toc-link\" href=\"#%E9%A6%96%E5%85%88%E9%9C%80%E8%A6%81%E5%87%86%E5%A4%87%E4%BB%A5%E4%B8%8B%E4%B8%89%E4%B8%AA%E8%BD%AF%E4%BB%B6\"><span class=\"toc-text\">首先需要准备以下三个软件</span></a></li><li class=\"toc-item toc-level-2\"><a class=\"toc-link\" href=\"#%E8%BF%90%E8%A1%8CYzLauncher-windows-exe\"><span class=\"toc-text\">运行YzLauncher-windows.exe</span></a></li><li class=\"toc-item toc-level-2\"><a class=\"toc-link\" href=\"#%E9%85%8D%E7%BD%AE%E6%9C%BA%E5%99%A8%E4%BA%BA\"><span class=\"toc-text\">配置机器人</span></a></li></ol>","author":{"name":"绫酱","slug":"blog-author","avatar":"https://q2.qlogo.cn/headimg_dl?dst_uin=2062271425&spec=0","link":"/","description":"一位正在重塑知识的技术人 <br /><b>QQ号：2062271425</b>","socials":{"github":"https://github.com/zzd1314","twitter":"","stackoverflow":"","wechat":"","qq":"","weibo":"","zhihu":"","csdn":"","juejin":"","customs":{"bilibili":{"icon":"/svg/bilibili.svg","link":"https://space.bilibili.com/1493080686"},"网易云音乐":{"icon":"/svg/wyy.svg","link":"https://music.163.com/#/user/home?id=3364995578"},"QQ":{"icon":"/svg/qq.svg","link":"https://qm.qq.com/q/Qya0zBxS02"}}}},"mapped":true,"hidden":false,"prev_post":{"title":"hello-word","uid":"0b5e4b4f27cefe01bcd3c7a3d1f06afe","slug":"hello-word","date":"2024-04-03T15:30:27.000Z","updated":"2024-04-03T15:32:02.953Z","comments":true,"path":"api/articles/hello-word.json","keywords":null,"cover":null,"text":"你好世界","permalink":"/post/hello-word","photos":[],"count_time":{"symbolsCount":4,"symbolsTime":"1 mins."},"categories":[],"tags":[{"name":"日常","slug":"日常","count":2,"path":"api/tags/日常.json"}],"author":{"name":"绫酱","slug":"blog-author","avatar":"https://q2.qlogo.cn/headimg_dl?dst_uin=2062271425&spec=0","link":"/","description":"一位正在重塑知识的技术人 <br /><b>QQ号：2062271425</b>","socials":{"github":"https://github.com/zzd1314","twitter":"","stackoverflow":"","wechat":"","qq":"","weibo":"","zhihu":"","csdn":"","juejin":"","customs":{"bilibili":{"icon":"/svg/bilibili.svg","link":"https://space.bilibili.com/1493080686"},"网易云音乐":{"icon":"/svg/wyy.svg","link":"https://music.163.com/#/user/home?id=3364995578"},"QQ":{"icon":"/svg/qq.svg","link":"https://qm.qq.com/q/Qya0zBxS02"}}}},"feature":true},"next_post":{"title":"欢迎来到我的博客","uid":"62d0e8dae3189e9ac5c8ae12bb45e8b3","slug":"jies","date":"2024-03-31T06:52:45.000Z","updated":"2024-04-03T15:01:14.021Z","comments":true,"path":"api/articles/jies.json","keywords":null,"cover":"/img/bk.jpg","text":"个人介绍欢迎来到我的个人博客！我是 [绫酱]，一个对技术、文学和生活充满热情的人。在这个小小的网络空间里，我分享着自己对于科技、创意和人生的思考和体验。 这个博...","permalink":"/post/jies","photos":[],"count_time":{"symbolsCount":280,"symbolsTime":"1 mins."},"categories":[{"name":"日常","slug":"日常","count":1,"path":"api/categories/日常.json"}],"tags":[{"name":"日常","slug":"日常","count":2,"path":"api/tags/日常.json"}],"author":{"name":"绫酱","slug":"blog-author","avatar":"https://q2.qlogo.cn/headimg_dl?dst_uin=2062271425&spec=0","link":"/","description":"一位正在重塑知识的技术人 <br /><b>QQ号：2062271425</b>","socials":{"github":"https://github.com/zzd1314","twitter":"","stackoverflow":"","wechat":"","qq":"","weibo":"","zhihu":"","csdn":"","juejin":"","customs":{"bilibili":{"icon":"/svg/bilibili.svg","link":"https://space.bilibili.com/1493080686"},"网易云音乐":{"icon":"/svg/wyy.svg","link":"https://music.163.com/#/user/home?id=3364995578"},"QQ":{"icon":"/svg/qq.svg","link":"https://qm.qq.com/q/Qya0zBxS02"}}}},"feature":true}}