{"title":"我的友联","type":"friends","uid":"b604e4110f33d55cb63712ba90e010d0","text":" 友联链接页免责声明 免责声明本博客遵守中华人民共和国相关法律。本页内容仅作为方便学习而产生的快速链接的链接方式，对与友情链接中存在的链接、好文推荐链接等均为其他网站。我本人能力有限无法逐个甄别每篇文章的每个字，并无法获知是否在收录后原作者是否对链接增加了违反法律甚至其他破坏用户...","date":"2024-03-31T07:41:20.000Z","updated":"2024-04-04T17:11:13.768Z","comments":true,"path":"api/pages/links/index.json","covers":null,"excerpt":"","content":"<details class=\"custom-details\">\n<summary>友联链接页免责声明</summary>\n<p><h2 id=\"免责声明\"><a href=\"#免责声明\" class=\"headerlink\" title=\"免责声明\"></a>免责声明</h2><p>本博客遵守中华人民共和国相关法律。本页内容仅作为方便学习而产生的快速链接的链接方式，对与友情链接中存在的链接、好文推荐链接等均为其他网站。我本人能力有限无法逐个甄别每篇文章的每个字，并无法获知是否在收录后原作者是否对链接增加了违反法律甚至其他破坏用户计算机等行为。因为部分友链网站甚至没有做备案、域名并未做实名认证等，所以友链网站均可能存在风险，请你须知。</p>\n<p>所以在我力所能及的情况下，我会包括但不限于：</p>\n<ul>\n<li>针对收录的博客中的绝大多数内容通过标题来鉴别是否存在有风险的内容</li>\n<li>在收录的友链好文推荐中检查是否存在风险内容</li>\n</ul>\n<p>但是你在访问的时候，仍然无法避免，包括但不限于：</p>\n<ul>\n<li>作者更换了超链接的指向，替换成了其他内容</li>\n<li>作者的服务器被恶意攻击、劫持、被注入恶意内容</li>\n<li>作者的域名到期，被不法分子用作他用</li>\n<li>作者修改了文章内容，增加钓鱼网站、广告等无效信息</li>\n<li>不完善的隐私保护对用户的隐私造成了侵害、泄漏</li>\n<li>最新文章部分为机器抓取，本站作者未经过任何审核和筛选，本着友链信任原则添加的。如果你发现其中包含违反中华人民共和国法律的内容，请即使联系和举报。该友链会被拉黑。</li>\n</ul>\n</p>\n</details>\n<h2 id=\"友情链接申请\"><a href=\"#友情链接申请\" class=\"headerlink\" title=\"友情链接申请\"></a>友情链接申请</h2><p>欢迎大家加入友联，如果你也想加入友链，可以根据下面的示例发送到下方的邮箱，我会在不忙的时候统一添加。</p>\n<blockquote><span class=\"custom-blockquote-svg\"><svg width=\"24\" height=\"24\" viewBox=\"0 0 24 24\" fill=\"\" xmlns=\"http://www.w3.org/2000/svg\" data-reactroot=\"\">\n<path fill=\"\" d=\"M22 12C22 6.5 17.5 2 12 2C6.5 2 2 6.5 2 12C2 17.5 6.5 22 12 22C13.8 22 15.5 21.5 17 20.6L22 22L20.7 17C21.5 15.5 22 13.8 22 12Z\" undefined=\"1\"></path>\n<path fill=\"\" d=\"M15.97 11.5H16.04C17.12 11.5 18 12.38 18 13.47V13.53C18 14.62 17.12 15.5 16.03 15.5H15.96C14.88 15.5 14 14.62 14 13.53V13.46C14 12.38 14.88 11.5 15.97 11.5Z\" undefined=\"1\"></path>\n<path fill=\"\" d=\"M7.97 11.5H8.04C9.12 11.5 10 12.38 10 13.47V13.53C10 14.62 9.12 15.5 8.03 15.5H7.97C6.88 15.5 6 14.62 6 13.53V13.46C6 12.38 6.88 11.5 7.97 11.5Z\" undefined=\"1\"></path>\n<path stroke-linejoin=\"round\" stroke-linecap=\"round\" stroke-miterlimit=\"10\" stroke-width=\"2\" stroke=\"\" d=\"M17 8.5C15.23 8.97 14.07 10.84 14.01 13.27C14 13.33 14 13.4 14 13.47V13.5\"></path>\n<path stroke-linejoin=\"round\" stroke-linecap=\"round\" stroke-miterlimit=\"10\" stroke-width=\"2\" stroke=\"\" d=\"M9 8.5C7.23 8.97 6.07 10.84 6.01 13.27C6 13.33 6 13.4 6 13.47V13.5\"></path>\n<path stroke-linejoin=\"round\" stroke-linecap=\"round\" stroke-miterlimit=\"10\" stroke-width=\"2\" stroke=\"\" d=\"M15.97 11.5H16.04C17.12 11.5 18 12.38 18 13.47V13.53C18 14.62 17.12 15.5 16.03 15.5H15.96C14.88 15.5 14 14.62 14 13.53V13.46C14 12.38 14.88 11.5 15.97 11.5Z\"></path>\n<path stroke-linejoin=\"round\" stroke-linecap=\"round\" stroke-miterlimit=\"10\" stroke-width=\"2\" stroke=\"\" d=\"M7.97 11.5H8.04C9.12 11.5 10 12.38 10 13.47V13.53C10 14.62 9.12 15.5 8.03 15.5H7.97C6.88 15.5 6 14.62 6 13.53V13.46C6 12.38 6.88 11.5 7.97 11.5Z\"></path>\n</svg>\n</span><p>邮箱：<a href=\"mailto:&#x32;&#48;&#54;&#x32;&#x32;&#x37;&#x31;&#52;&#50;&#53;&#x40;&#113;&#113;&#x2e;&#99;&#111;&#109;\">&#x32;&#48;&#54;&#x32;&#x32;&#x37;&#x31;&#52;&#50;&#53;&#x40;&#113;&#113;&#x2e;&#99;&#111;&#109;</a></p></blockquote>\n<figure class=\"highlight bash\"><table><tr><td class=\"gutter\"><pre><span class=\"line\">1</span><br><span class=\"line\">2</span><br><span class=\"line\">3</span><br><span class=\"line\">4</span><br><span class=\"line\">5</span><br></pre></td><td class=\"code\"><pre><span class=\"line\">nick: 绫酱 <span class=\"comment\">#昵称</span></span><br><span class=\"line\">avatar: https://upen.caup.net/ai_pics_mj/202303/1677952366325269.jpg <span class=\"comment\"># 你的头像</span></span><br><span class=\"line\">description: Think like an artist, develop like an artisan. <span class=\"comment\"># 简单的自我描述</span></span><br><span class=\"line\"><span class=\"built_in\">link</span>: https://tridiamond.tech <span class=\"comment\"># 网站链接</span></span><br><span class=\"line\">label: 技术 <span class=\"comment\"># 这里是分类（可选：技术｜个人｜设计）分类欢迎提意见，没有接受的请按我列的选择</span></span><br></pre></td></tr></table></figure>","count_time":{"symbolsCount":907,"symbolsTime":"1 mins."},"toc":"<ol class=\"toc\"><li class=\"toc-item toc-level-2\"><a class=\"toc-link\" href=\"#%E5%85%8D%E8%B4%A3%E5%A3%B0%E6%98%8E\"><span class=\"toc-text\">免责声明</span></a></li><li class=\"toc-item toc-level-2\"><a class=\"toc-link\" href=\"#%E5%8F%8B%E6%83%85%E9%93%BE%E6%8E%A5%E7%94%B3%E8%AF%B7\"><span class=\"toc-text\">友情链接申请</span></a></li></ol>","categoryMode":true,"avatarWall":[[{"nick":"意玩导航","avatar":"https://lt.ywly.cc/wp-content/uploads/2024/03/logo.ico","description":"一个单纯的导航网","link":"https://dh.ywly.cc/","label":"个人"},{"nick":"意玩导航","avatar":"https://lt.ywly.cc/wp-content/uploads/2024/03/logo.ico","description":"一个单纯的导航网","link":"https://dh.ywly.cc/","label":"个人"}],[{"nick":"意玩导航","avatar":"https://lt.ywly.cc/wp-content/uploads/2024/03/logo.ico","description":"一个单纯的导航网","link":"https://dh.ywly.cc/","label":"个人"},{"nick":"意玩导航","avatar":"https://lt.ywly.cc/wp-content/uploads/2024/03/logo.ico","description":"一个单纯的导航网","link":"https://dh.ywly.cc/","label":"个人"}],[{"nick":"意玩导航","avatar":"https://lt.ywly.cc/wp-content/uploads/2024/03/logo.ico","description":"一个单纯的导航网","link":"https://dh.ywly.cc/","label":"个人"},{"nick":"意玩导航","avatar":"https://lt.ywly.cc/wp-content/uploads/2024/03/logo.ico","description":"一个单纯的导航网","link":"https://dh.ywly.cc/","label":"个人"}],[{"nick":"意玩导航","avatar":"https://lt.ywly.cc/wp-content/uploads/2024/03/logo.ico","description":"一个单纯的导航网","link":"https://dh.ywly.cc/","label":"个人"},{"nick":"意玩导航","avatar":"https://lt.ywly.cc/wp-content/uploads/2024/03/logo.ico","description":"一个单纯的导航网","link":"https://dh.ywly.cc/","label":"个人"}],[{"nick":"意玩导航","avatar":"https://lt.ywly.cc/wp-content/uploads/2024/03/logo.ico","description":"一个单纯的导航网","link":"https://dh.ywly.cc/","label":"个人"},{"nick":"意玩导航","avatar":"https://lt.ywly.cc/wp-content/uploads/2024/03/logo.ico","description":"一个单纯的导航网","link":"https://dh.ywly.cc/","label":"个人"}],[{"nick":"意玩导航","avatar":"https://lt.ywly.cc/wp-content/uploads/2024/03/logo.ico","description":"一个单纯的导航网","link":"https://dh.ywly.cc/","label":"个人"},{"nick":"意玩导航","avatar":"https://lt.ywly.cc/wp-content/uploads/2024/03/logo.ico","description":"一个单纯的导航网","link":"https://dh.ywly.cc/","label":"个人"}],[{"nick":"意玩导航","avatar":"https://lt.ywly.cc/wp-content/uploads/2024/03/logo.ico","description":"一个单纯的导航网","link":"https://dh.ywly.cc/","label":"个人"},{"nick":"意玩导航","avatar":"https://lt.ywly.cc/wp-content/uploads/2024/03/logo.ico","description":"一个单纯的导航网","link":"https://dh.ywly.cc/","label":"个人"}],[{"nick":"意玩导航","avatar":"https://lt.ywly.cc/wp-content/uploads/2024/03/logo.ico","description":"一个单纯的导航网","link":"https://dh.ywly.cc/","label":"个人"},{"nick":"意玩导航","avatar":"https://lt.ywly.cc/wp-content/uploads/2024/03/logo.ico","description":"一个单纯的导航网","link":"https://dh.ywly.cc/","label":"个人"}],[{"nick":"意玩导航","avatar":"https://lt.ywly.cc/wp-content/uploads/2024/03/logo.ico","description":"一个单纯的导航网","link":"https://dh.ywly.cc/","label":"个人"},{"nick":"意玩导航","avatar":"https://lt.ywly.cc/wp-content/uploads/2024/03/logo.ico","description":"一个单纯的导航网","link":"https://dh.ywly.cc/","label":"个人"}],[{"nick":"意玩导航","avatar":"https://lt.ywly.cc/wp-content/uploads/2024/03/logo.ico","description":"一个单纯的导航网","link":"https://dh.ywly.cc/","label":"个人"},{"nick":"意玩导航","avatar":"https://lt.ywly.cc/wp-content/uploads/2024/03/logo.ico","description":"一个单纯的导航网","link":"https://dh.ywly.cc/","label":"个人"}],[{"nick":"意玩导航","avatar":"https://lt.ywly.cc/wp-content/uploads/2024/03/logo.ico","description":"一个单纯的导航网","link":"https://dh.ywly.cc/","label":"个人"},{"nick":"意玩导航","avatar":"https://lt.ywly.cc/wp-content/uploads/2024/03/logo.ico","description":"一个单纯的导航网","link":"https://dh.ywly.cc/","label":"个人"}],[{"nick":"意玩导航","avatar":"https://lt.ywly.cc/wp-content/uploads/2024/03/logo.ico","description":"一个单纯的导航网","link":"https://dh.ywly.cc/","label":"个人"},{"nick":"意玩导航","avatar":"https://lt.ywly.cc/wp-content/uploads/2024/03/logo.ico","description":"一个单纯的导航网","link":"https://dh.ywly.cc/","label":"个人"}],[{"nick":"意玩导航","avatar":"https://lt.ywly.cc/wp-content/uploads/2024/03/logo.ico","description":"一个单纯的导航网","link":"https://dh.ywly.cc/","label":"个人"},{"nick":"意玩导航","avatar":"https://lt.ywly.cc/wp-content/uploads/2024/03/logo.ico","description":"一个单纯的导航网","link":"https://dh.ywly.cc/","label":"个人"}],[{"nick":"意玩导航","avatar":"https://lt.ywly.cc/wp-content/uploads/2024/03/logo.ico","description":"一个单纯的导航网","link":"https://dh.ywly.cc/","label":"个人"},{"nick":"意玩导航","avatar":"https://lt.ywly.cc/wp-content/uploads/2024/03/logo.ico","description":"一个单纯的导航网","link":"https://dh.ywly.cc/","label":"个人"}],[{"nick":"意玩导航","avatar":"https://lt.ywly.cc/wp-content/uploads/2024/03/logo.ico","description":"一个单纯的导航网","link":"https://dh.ywly.cc/","label":"个人"},{"nick":"意玩导航","avatar":"https://lt.ywly.cc/wp-content/uploads/2024/03/logo.ico","description":"一个单纯的导航网","link":"https://dh.ywly.cc/","label":"个人"}],[{"nick":"意玩导航","avatar":"https://lt.ywly.cc/wp-content/uploads/2024/03/logo.ico","description":"一个单纯的导航网","link":"https://dh.ywly.cc/","label":"个人"},{"nick":"意玩导航","avatar":"https://lt.ywly.cc/wp-content/uploads/2024/03/logo.ico","description":"一个单纯的导航网","link":"https://dh.ywly.cc/","label":"个人"}],[{"nick":"意玩导航","avatar":"https://lt.ywly.cc/wp-content/uploads/2024/03/logo.ico","description":"一个单纯的导航网","link":"https://dh.ywly.cc/","label":"个人"},{"nick":"意玩导航","avatar":"https://lt.ywly.cc/wp-content/uploads/2024/03/logo.ico","description":"一个单纯的导航网","link":"https://dh.ywly.cc/","label":"个人"}],[{"nick":"意玩导航","avatar":"https://lt.ywly.cc/wp-content/uploads/2024/03/logo.ico","description":"一个单纯的导航网","link":"https://dh.ywly.cc/","label":"个人"},{"nick":"意玩导航","avatar":"https://lt.ywly.cc/wp-content/uploads/2024/03/logo.ico","description":"一个单纯的导航网","link":"https://dh.ywly.cc/","label":"个人"}],[{"nick":"意玩导航","avatar":"https://lt.ywly.cc/wp-content/uploads/2024/03/logo.ico","description":"一个单纯的导航网","link":"https://dh.ywly.cc/","label":"个人"},{"nick":"意玩导航","avatar":"https://lt.ywly.cc/wp-content/uploads/2024/03/logo.ico","description":"一个单纯的导航网","link":"https://dh.ywly.cc/","label":"个人"}],[{"nick":"意玩导航","avatar":"https://lt.ywly.cc/wp-content/uploads/2024/03/logo.ico","description":"一个单纯的导航网","link":"https://dh.ywly.cc/","label":"个人"},{"nick":"意玩导航","avatar":"https://lt.ywly.cc/wp-content/uploads/2024/03/logo.ico","description":"一个单纯的导航网","link":"https://dh.ywly.cc/","label":"个人"}],[{"nick":"意玩导航","avatar":"https://lt.ywly.cc/wp-content/uploads/2024/03/logo.ico","description":"一个单纯的导航网","link":"https://dh.ywly.cc/","label":"个人"},{"nick":"意玩导航","avatar":"https://lt.ywly.cc/wp-content/uploads/2024/03/logo.ico","description":"一个单纯的导航网","link":"https://dh.ywly.cc/","label":"个人"}],[{"nick":"意玩导航","avatar":"https://lt.ywly.cc/wp-content/uploads/2024/03/logo.ico","description":"一个单纯的导航网","link":"https://dh.ywly.cc/","label":"个人"},{"nick":"意玩导航","avatar":"https://lt.ywly.cc/wp-content/uploads/2024/03/logo.ico","description":"一个单纯的导航网","link":"https://dh.ywly.cc/","label":"个人"}],[{"nick":"意玩导航","avatar":"https://lt.ywly.cc/wp-content/uploads/2024/03/logo.ico","description":"一个单纯的导航网","link":"https://dh.ywly.cc/","label":"个人"},{"nick":"意玩导航","avatar":"https://lt.ywly.cc/wp-content/uploads/2024/03/logo.ico","description":"一个单纯的导航网","link":"https://dh.ywly.cc/","label":"个人"}],[{"nick":"意玩导航","avatar":"https://lt.ywly.cc/wp-content/uploads/2024/03/logo.ico","description":"一个单纯的导航网","link":"https://dh.ywly.cc/","label":"个人"},{"nick":"意玩导航","avatar":"https://lt.ywly.cc/wp-content/uploads/2024/03/logo.ico","description":"一个单纯的导航网","link":"https://dh.ywly.cc/","label":"个人"}],[{"nick":"意玩导航","avatar":"https://lt.ywly.cc/wp-content/uploads/2024/03/logo.ico","description":"一个单纯的导航网","link":"https://dh.ywly.cc/","label":"个人"},{"nick":"意玩导航","avatar":"https://lt.ywly.cc/wp-content/uploads/2024/03/logo.ico","description":"一个单纯的导航网","link":"https://dh.ywly.cc/","label":"个人"}],[{"nick":"意玩导航","avatar":"https://lt.ywly.cc/wp-content/uploads/2024/03/logo.ico","description":"一个单纯的导航网","link":"https://dh.ywly.cc/","label":"个人"},{"nick":"意玩导航","avatar":"https://lt.ywly.cc/wp-content/uploads/2024/03/logo.ico","description":"一个单纯的导航网","link":"https://dh.ywly.cc/","label":"个人"}],[{"nick":"意玩导航","avatar":"https://lt.ywly.cc/wp-content/uploads/2024/03/logo.ico","description":"一个单纯的导航网","link":"https://dh.ywly.cc/","label":"个人"},{"nick":"意玩导航","avatar":"https://lt.ywly.cc/wp-content/uploads/2024/03/logo.ico","description":"一个单纯的导航网","link":"https://dh.ywly.cc/","label":"个人"}],[{"nick":"意玩导航","avatar":"https://lt.ywly.cc/wp-content/uploads/2024/03/logo.ico","description":"一个单纯的导航网","link":"https://dh.ywly.cc/","label":"个人"},{"nick":"意玩导航","avatar":"https://lt.ywly.cc/wp-content/uploads/2024/03/logo.ico","description":"一个单纯的导航网","link":"https://dh.ywly.cc/","label":"个人"}],[{"nick":"意玩导航","avatar":"https://lt.ywly.cc/wp-content/uploads/2024/03/logo.ico","description":"一个单纯的导航网","link":"https://dh.ywly.cc/","label":"个人"},{"nick":"意玩导航","avatar":"https://lt.ywly.cc/wp-content/uploads/2024/03/logo.ico","description":"一个单纯的导航网","link":"https://dh.ywly.cc/","label":"个人"}],[{"nick":"意玩导航","avatar":"https://lt.ywly.cc/wp-content/uploads/2024/03/logo.ico","description":"一个单纯的导航网","link":"https://dh.ywly.cc/","label":"个人"},{"nick":"意玩导航","avatar":"https://lt.ywly.cc/wp-content/uploads/2024/03/logo.ico","description":"一个单纯的导航网","link":"https://dh.ywly.cc/","label":"个人"}],[{"nick":"意玩导航","avatar":"https://lt.ywly.cc/wp-content/uploads/2024/03/logo.ico","description":"一个单纯的导航网","link":"https://dh.ywly.cc/","label":"个人"},{"nick":"意玩导航","avatar":"https://lt.ywly.cc/wp-content/uploads/2024/03/logo.ico","description":"一个单纯的导航网","link":"https://dh.ywly.cc/","label":"个人"}],[{"nick":"意玩导航","avatar":"https://lt.ywly.cc/wp-content/uploads/2024/03/logo.ico","description":"一个单纯的导航网","link":"https://dh.ywly.cc/","label":"个人"},{"nick":"意玩导航","avatar":"https://lt.ywly.cc/wp-content/uploads/2024/03/logo.ico","description":"一个单纯的导航网","link":"https://dh.ywly.cc/","label":"个人"}],[{"nick":"意玩导航","avatar":"https://lt.ywly.cc/wp-content/uploads/2024/03/logo.ico","description":"一个单纯的导航网","link":"https://dh.ywly.cc/","label":"个人"},{"nick":"意玩导航","avatar":"https://lt.ywly.cc/wp-content/uploads/2024/03/logo.ico","description":"一个单纯的导航网","link":"https://dh.ywly.cc/","label":"个人"}],[{"nick":"意玩导航","avatar":"https://lt.ywly.cc/wp-content/uploads/2024/03/logo.ico","description":"一个单纯的导航网","link":"https://dh.ywly.cc/","label":"个人"},{"nick":"意玩导航","avatar":"https://lt.ywly.cc/wp-content/uploads/2024/03/logo.ico","description":"一个单纯的导航网","link":"https://dh.ywly.cc/","label":"个人"}],[{"nick":"意玩导航","avatar":"https://lt.ywly.cc/wp-content/uploads/2024/03/logo.ico","description":"一个单纯的导航网","link":"https://dh.ywly.cc/","label":"个人"},{"nick":"意玩导航","avatar":"https://lt.ywly.cc/wp-content/uploads/2024/03/logo.ico","description":"一个单纯的导航网","link":"https://dh.ywly.cc/","label":"个人"}],[{"nick":"意玩导航","avatar":"https://lt.ywly.cc/wp-content/uploads/2024/03/logo.ico","description":"一个单纯的导航网","link":"https://dh.ywly.cc/","label":"个人"},{"nick":"意玩导航","avatar":"https://lt.ywly.cc/wp-content/uploads/2024/03/logo.ico","description":"一个单纯的导航网","link":"https://dh.ywly.cc/","label":"个人"}]],"data":{"个人":[{"nick":"意玩导航","avatar":"https://lt.ywly.cc/wp-content/uploads/2024/03/logo.ico","description":"一个单纯的导航网","link":"https://dh.ywly.cc/","label":"个人"}]}}